[
  {
    "id": 1,
    "name": "Lucas",
    "coops": [
      {
        "id": 14548,
        "chickens": [
          {
            "id": 12,
            "name": "lucy",
            "color": "white and brown",
            "age": 16,
            "molting": true,
            "bornOnDate": "Mar 15, 2008, 12:00:00 AM"
          }
        ]
      }
    ]
  },
  {
    "id": 2,
    "name": "Lili",
    "coops": [
      {
        "id": 13267,
        "chickens": [
          {
            "id": 14,
            "name": "celia",
            "color": "white",
            "age": 12,
            "molting": false,
            "bornOnDate": "Apr 20, 2012, 12:00:00 AM"
          },
          {
            "id": 10,
            "name": "Lucy",
            "color": "Brown",
            "age": 3,
            "molting": true,
            "bornOnDate": "Dec 3, 2020, 12:00:00 AM"
          }
        ]
      }
    ]
  }
]